{
    "上海": [
        121.474324,
        31.250971
    ],
    "南京": [
        118.806716,
        32.053597
    ],
    "无锡": [
        120.319894,
        31.499587
    ],
    "常州": [
        119.992982,
        31.813096
    ],
    "苏州": [
        120.590894,
        31.293186
    ],
    "南通": [
        120.912847,
        31.985747
    ],
    "盐城": [
        120.176955,
        33.347374
    ],
    "扬州": [
        119.431865,
        32.392529
    ],
    "镇江": [
        119.430491,
        32.191295
    ],
    "泰州": [
        119.950268,
        32.448732
    ],
    "杭州": [
        120.180234,
        30.270237
    ],
    "宁波": [
        121.569231,
        29.870176
    ],
    "嘉兴": [
        120.778146,
        30.732252
    ],
    "湖州": [
        120.097446,
        30.891053
    ],
    "绍兴": [
        120.594173,
        30.030396
    ],
    "金华": [
        119.660511,
        29.069226
    ],
    "舟山": [
        122.208536,
        29.978353
    ],
    "台州": [
        121.426651,
        28.656225
    ],
    "合肥": [
        117.241266,
        31.818618
    ],
    "芜湖": [
        118.446289,
        31.354017
    ],
    "蚌埠": [
        117.402242,
        32.917451
    ],
    "马鞍": [
        118.501481,
        31.655487
    ],
    "铜陵": [
        117.820781,
        30.928729
    ],
    "安庆": [
        117.066492,
        30.515461
    ],
    "滁州": [
        118.345157,
        32.246858
    ],
    "池州": [
        117.496582,
        30.663874
    ],
    "宣城": [
        118.765995,
        30.945765
    ]
    
    
    
 
}
